"image","X1","X2","X3","X4","X5","X6","X7","X8","X9","X10","X11","X12"
"0000101",-0.358457618498208,-0.200989021594935,-0.0724980763408339,-0.0330212582580311,-0.066568202637428,0.0857559927365923,-0.0547359934181333,0.0459246364946959,-0.00722086601948944,-0.117687703724633,0.119393614169938,0.00176727016968853
"0000225",-0.480117161037002,-0.121667939802103,0.212158024029382,0.139078482911327,-0.0938856388924542,0.0638255022067612,0.00163295523884226,0.0312249081253078,-0.00609160640333315,0.032127115341595,-0.0244922275856814,-0.0338661764206419
"0000227",-0.434401219332458,-0.3187668655212,-0.0329500634645904,-0.0307751308464155,-0.080415110932033,0.106261709297416,-0.0485212041723839,0.108139404069812,-0.00955120482156919,0.0115633550308369,0.0609064167188269,0.025995259021608
"0000228",-0.440507600487422,0.116599460228811,-0.0777674348433213,0.0215270601535461,-0.0250895148375881,0.0701585092084985,0.0322417633160609,0.0398042537758856,0.0227315254664618,-0.0587049204209079,0.094051657386842,-0.0320997943452454
"0000233",-0.252084159233764,-0.0139371431574722,0.0499146018670315,-0.0652531640570503,0.0589194284970892,0.0411537281685549,-0.0167827729732591,-0.00541937671641899,0.0168727119368155,-0.0497395565437538,0.0068405893537468,-0.0428255026738824
"0000234",-0.426816972960802,0.186845422939592,0.0216867089318946,-0.019117946865359,-0.0240670730897698,0.126499600709878,-0.104786296057542,0.0513786858814603,-0.0414753962695923,0.0889218150934088,0.110293588059155,-0.0280034832286877
"0000235",-0.486265601527425,-0.234407824287455,0.0227012031139288,-0.0829610319249493,0.084813397758419,0.0983925511791149,0.00340435637817856,0.0723253079039595,0.0852147805774596,-0.0970914318902647,0.0596142687050022,0.0087213025690474
"0003071",-0.435225011701695,0.126289642140258,-0.132666415475204,-0.0761910564806079,-0.0178664500788585,0.0096937699286882,0.00286633720602699,0.00127387047818264,-0.0194006045463834,0.050144187742406,-0.000650366250936891,-0.034809004911062
"0000004",-0.461215523036647,0.120844045331084,-0.0301532268324299,-0.068566252399993,-0.0430767694186788,-0.00999300372782512,-0.00608745075998375,-0.0138032139628063,0.0274345890213887,0.020063591164892,0.0397725785698753,-0.0241625208903601
"0000038",-0.466615396978939,-0.191173898389607,0.222877749528495,0.0294920032643724,-0.0898989853854302,0.0353178197074911,0.0336388481642313,0.0104194176688459,0.0303097183278642,0.122212491537101,-0.0257839425606816,-0.0219709554888689
"0000091",-0.497708622080855,0.0849701926808423,-0.144018711373603,0.00309817204964722,0.00647151609091546,0.0537503228655474,-0.0138111866275052,-0.00118147614139743,0.0934733408014213,-0.0575508720415649,0.0591079191400367,0.0137056342618512
"0000094",-0.413944378936698,-0.164519915474336,0.00912628490173728,-0.130414399896669,0.0108905919535633,0.0985278084024189,0.0342397831267182,0.0302264176873439,0.000476327631484787,-0.139341009227481,0.144567140671655,0.014606850408763
"0000098",-0.510818438333913,0.150662931412248,-0.0977476201984048,-0.0455514200910514,0.00463409830591975,0.102170990236635,-0.0859568212501286,0.0222588207732222,0.0242768334673606,0.0259929541679307,0.0697836103437327,0.00873866512599656
"0000105",-0.433583139380037,0.0599769551618739,-0.0716477610190523,-0.00194255739322449,0.0506369809048457,-0.0844478294865928,-0.0582916166510361,0.0754856985723102,-0.0445544939888398,0.094437080773221,0.0844348786318425,0.0211160836617351
"0000109",-0.481128915841014,0.0656161396423316,-0.15010416373155,-0.018417440446981,-0.0838260061271002,0.109134932498679,0.0125739247699223,-0.0583394932793755,0.0555664489432492,0.0198331058831369,0.0213127590445181,-0.0286577953032786
"0000126",-0.359269596559955,-0.150985641854059,0.00489306601375224,-0.0729913287055157,-0.0133543099381352,0.0660655450062781,-0.0388237751363029,0.0440155141588863,0.0102627842221054,-0.0796311982930196,0.121299402042823,0.0278981557827805
"0000144",-0.380220705298169,-0.119762013860536,0.190843161997851,-0.00350551096387024,-0.0185562720189199,0.0234864146950031,0.070030258013749,-0.0353299161609788,-0.0137947380511582,0.0963611339056536,0.0412948998982309,0.00131905792808501
"0000162",-0.510897724878986,-0.253677712042537,0.0163062038507278,-0.0543507655550074,0.0822487621946991,0.0276978361043144,0.010616715493779,0.0465210644086594,0.0838133971577635,-0.0943729289774607,0.0593138959826017,0.0426851091341935
"0000216",-0.393219609991109,-0.128451595689074,0.0307498168062098,-0.0669791624463894,0.100329954379369,-0.0325423817736196,0.141867982521046,-0.0786484650641586,-0.0607107423452137,-0.00576980023277073,0.152975823013345,0.0104175231457687
"0000249",-0.432278226967228,0.139641829843633,-0.0751904370704379,-0.0712074057388127,-0.000427843422960017,0.0702471850653091,-0.035941957427875,-0.0245470102352081,-0.0505611674193949,0.0406113445703857,0.0420348671167978,-0.0467460277236791
"0000335",-0.517449967644782,-0.224473498038931,0.0176362265723009,-0.0847698663297969,0.0568854687592609,0.0633931017750626,-0.0313043084242805,0.0719231518488549,0.0385081313142444,-0.0777452851698918,0.0155441097722005,0.0198368538966576
"0000337",-0.4086642070992,-0.0325283789769509,-0.16512184927038,-0.0306730309050055,-0.0871200764562582,0.0402437139046401,-0.0638954059037786,0.00216284079916915,0.0488286838211457,-0.094955115781909,0.0579845112186532,-0.00468540245431923
"0000396",-0.389414340611187,-0.0901932940595731,0.17423005065451,-0.00449066299427902,0.0266575557082941,0.0386316313565761,0.0627706136069003,-0.0309417786103268,-0.0376074989785711,0.0721101627482578,0.0338300879830163,-0.0150675900740289
"0000399",-0.351724933216992,-0.142864747059595,-0.0376991640860146,-0.055820678209576,0.0200517437434806,0.0699077886528302,0.0153385368830108,0.0420529144193977,-0.0181641113707984,-0.0925836170289353,0.149825967626127,0.0319042607729418
"0000495",-0.500314467254305,0.113454399493836,-0.106537731080301,0.0396931375374168,0.043716283298775,-0.0497381344204515,-0.0194391576310004,0.013921610013856,0.0790956733716181,0.0749430595543445,0.0958762096102934,0.0394132813466
"0000908",-0.394464409538506,0.0202946286172668,0.0507422766874136,-0.0247512839152106,0.118340770470338,0.0231535907429473,-0.0882126026592694,-0.0684727120041593,0.0440279148537112,-0.067734113913171,0.0717883880849206,-0.0399771846183205
"0000979",-0.419847693707535,-0.064874707239207,-0.0715253280762605,-0.0431192556133521,-0.0595287277558467,0.0385401185155397,-0.00369020164450094,0.0229573262245606,0.0260328499992604,-0.0984327570569249,0.120321399592268,-0.0328401973411347
"0001232",-0.378748288550626,0.0136771704830679,0.0891469818454553,-0.0691662644720297,0.0926881941152403,0.0147595329614777,-0.0737961959652348,-0.0380528867699716,-0.0201101699951413,-0.0529979844058562,0.0225018455058504,-0.0546081545290687
"0001644",-0.417942831872439,0.0376615307732249,0.0104081977556782,-0.108479590326297,0.0374189535825301,-0.0360060454698733,-0.0415396411264166,-0.00394740205960537,-0.030366193016791,0.0422331893695691,0.0396594868548985,0.0028665878944893
"0003002",-0.493750171296209,0.0687308324609252,0.052434569394048,-0.0116399796015264,0.0293203345574002,0.0270995930986591,-0.0813609374072289,-0.0169299712918665,-0.0343253752051847,-0.023690686753801,0.0684113571680189,-0.0622580084933804
"0003016",-0.392099278818741,-0.200032795140534,0.00758689487693337,-0.0841588888162728,-0.077403350382562,0.0309639334243586,-0.0430447889013974,0.0471522593511252,0.0466044374626442,-0.0503197097692364,0.0558679266010187,-0.0174450197138236
"0003026",-0.394744291113804,-0.0807406844092005,0.0463473086808848,-0.0952191228103975,0.0157239547399186,-0.0245149362257681,-0.0815729353377986,-0.0164853888618126,0.0370753780839307,-0.0255381660115547,0.0501746462627327,0.0176092106269622
"0003062",-0.39766761490545,0.0593221127811355,-0.102464011042732,-0.105852657856629,-0.0208920479202466,-0.0229981465645948,-0.101619797419088,0.0324368352566231,-0.032251996504227,0.0586926780137092,-0.0315774742651997,0.0417418727700994
"0003076",-0.480529340595343,0.119972100244568,-0.0528293469339191,-0.105659709389779,-0.0772092133226514,-0.0842535648896388,0.0366986763645267,0.0772072895712645,0.032092197676731,0.0214715923335275,0.0574241348292935,-0.0335766939712663
"0003116",-0.363509946931628,0.0838059954478088,0.00847260911412406,0.00660704084608696,-0.0345583011287719,0.0268271447524359,-0.0785748598271539,-0.0507894278848486,0.0651316439528185,0.01528135570233,0.0491096821732555,-0.0272007321415727
"0003118",-0.382462850839962,0.0855264935567829,-0.0460348215422105,-0.0254807790618041,0.00914714313235524,0.0971582571038235,0.0104354850494766,0.00222304699585055,0.0510355070123053,-0.0145104921603886,0.0788760658222471,-0.0320081833097119
"0003120",-0.375014709177442,0.0428707087149748,-0.136531336558158,-0.0415815262612285,0.0431467690401072,0.0254946756115643,-0.0531164969553816,-0.00273682852876371,0.00800080831610403,0.00962916891637206,-0.099134824454371,-0.0390030459489087
"0003139",-0.47651904613448,0.165183325056479,-0.0589922976497014,0.0229443469447454,0.0171522394585225,0.00935862934681845,-0.0302441429862517,0.00763197617488178,0.101779314156501,0.0911705546044213,0.0815809003623647,0.0925780517757968
"0003146",-0.475395296550085,0.0370668371694473,-0.0136851216878184,-0.0244037427289373,0.0834628791712785,-0.0330213786294539,-0.110485427668375,-0.0508954292189425,0.0326246240490125,0.0415363880099713,-0.0105936247590961,0.0218560638941723
"0003148",-0.471544545956262,0.119702987787075,-0.0833278428853851,0.0105321656478094,-0.0339904057426413,0.0639379211257806,-0.0799837793244755,-0.0323067330424884,0.00562424984953377,0.0479955782900643,0.0592246744243875,-0.0731385592815122
"0003156",-0.454773093167999,0.104263972964674,0.0156215765927684,0.0156645605297138,0.0643096347039751,-0.0739437954375367,-0.050611972849736,-0.0499853558705662,0.0459356683457574,0.0147449108233493,0.0859280210739737,0.0247418581704873
"0003170",-0.472601280131145,0.0637778698875802,-0.174034563640407,0.0522393619160714,-0.0373332562288006,0.0701818462733546,-0.0295461553060947,-0.0182020986937732,0.00214526912962479,0.0212964004315019,0.0489053746360967,-0.0542096064173195
"0003174",-0.424211311914656,0.116441324865457,0.0384617256168049,-0.102577215150017,0.0307862625471791,-0.0131588919832827,-0.0532860306210724,0.0239146521360157,-0.00511959116783499,0.0560699986952101,0.000263589177804468,0.0270035045825383
"0003187",-0.377902720817568,-0.0885553030576042,0.0662471367740328,-0.0911951754017242,0.111906787185685,-0.0251942959305906,-0.0547223268943811,-0.0935698204952508,0.0688476643255768,-0.0593443353083108,0.0762870544808452,-0.0374972818109902
"0003203",-0.496324578618503,0.0918240339761905,-0.178067796795614,-0.00140567454421788,0.073034738391573,0.0890577440129542,0.0196635458512705,-0.0132897566776737,0.0530549248820622,-0.0127435426691003,-0.00428122255350868,-0.0151490487753538
"0000006",-0.488988584738092,0.0952407218208463,-0.113103442521558,0.0129517876323294,-0.0777328548606748,0.013444074729978,-0.0294093800792365,0.0364280125536512,0.0215983450066018,-0.0377632756241229,0.108461469834401,-0.045542073730359
"0000009",-0.431017458299613,-0.145960408783067,0.0719290813855396,-0.0607843271770236,0.00843551053222072,0.0582885306219097,0.000942278895283743,0.0153447813008863,0.00256288305428883,-0.0239172322442461,0.0026113693050361,0.00445053271121785
"0000024",-0.477893329303016,0.123139338496959,-0.0790717600875799,0.0727348688822526,0.0371392617537466,-0.0228852077862997,-0.0210231155162414,0.0504997711328935,0.0795556515713736,0.0772304365406116,0.100701815897391,0.0728902046235039
"0000034",-0.43613332324823,-0.10444099686667,0.145870294981938,-0.00789553143848817,0.0579577554589277,0.0548836845394458,-0.00184789085885579,0.0514432756285891,0.0356330759104037,-0.0465462305371083,-0.011836022625652,-0.0463226595984384
"0000037",-0.481297280292265,-0.222096848967397,-0.0447006926627531,-0.0415371076762129,0.0523174852681917,0.104756625864157,0.0530367696578172,0.12861631488432,0.0274617578028778,-0.0786320886843015,0.0438002601280479,0.0429443947911076
"0000040",-0.463209962269518,0.000295685247680606,0.000504963666451972,0.0324238363158703,0.0454169984875996,0.0415097387314989,-0.0381631419886298,0.0575415551993038,-0.0169275947401559,-0.0145567657464143,0.0201002284195521,-0.00247928324483305
"0000044",-0.482515657276881,0.14934288512516,-0.0906423234312801,0.00475416187243656,0.004401934987479,0.106022508930635,-0.0546073346252752,0.0483080769327323,-0.0587784853788255,0.0230475732923046,0.0637451350584526,-0.00869561598112914
"0000045",-0.481670142255614,0.0986929908653675,-0.105224542962943,-0.0374753549183362,0.0654203029228334,0.094443432968288,-0.0560491351296409,0.00136177596246916,-0.00168201635828227,0.0813739113674811,0.0419282883179578,-0.0257578264902251
"0000055",-0.460304806734499,-0.17334530484499,-0.00643438824824145,-0.0689422114254179,0.0371532799460481,0.106097212444176,0.0310633585886879,0.0761070231136528,0.054631542332666,-0.101414689912238,0.106856155834235,0.028033210093288
"0000060",-0.486296813062944,0.0845900483569361,-0.068683352155869,-0.018318270827907,-0.0519035556651335,0.0762607279128291,-0.00811822619449953,-0.0449002191245048,0.0559698217446841,-0.0344818035224127,0.124418226829053,-0.0448824119744874
"0000092",-0.399674398648632,-0.0942965067583391,0.206529643941983,0.101197192683056,-0.0680630814678035,0.00590237067335356,0.0223132149885646,-0.0223524857706258,-0.0171514595918029,0.00211277451551952,-0.00853148027442969,-0.0312262118518724
"0000093",-0.41943421322228,-0.105677063220749,0.199863451968657,-0.00229285465897231,0.00248269484567167,0.0352867434367157,0.0458084369073231,-0.0315128907720709,-0.0107229742499371,0.0960615561991041,0.00651524817175898,-0.00412143624466512
"0000095",-0.461881794336563,-0.228397120748048,-0.0253356651113355,-0.0639534750882196,0.0214369789253667,0.106748228897118,0.0258351541666923,0.0978412250618351,0.00556588826976749,-0.1007798262563,0.101711239983294,0.0304373086927404
"0000103",-0.543953132539138,0.0821382509221236,-0.0819945171505589,0.000897714302906923,0.0746050203798449,0.0500165713547616,-0.0320140918722776,0.0522355447776706,0.0812435406382086,0.010016311256414,0.0131574381699363,-0.0250308330485854
"0000117",-0.45378097747917,-0.185304170665677,0.00394725117231551,-0.0799418581434788,-0.0937385673516816,0.0569268590436432,-0.0159170441633599,0.0636177111937343,0.110956732445153,-0.0853119191680649,0.0903252055650261,0.0553531825365303
"0000120",-0.371820504704,0.00744277477972966,-0.139700697953478,-0.000950812535046316,-0.00658778690279508,0.0845687099280477,-0.0405472979172934,0.00839801990333698,0.037294679382961,-0.0200093410711455,0.0398621716481891,-0.0559709441122905
"0000122",-0.433038087553846,-0.203648183167853,0.0632865934654988,-0.0843525018953617,0.0100463683628083,0.0662585823837035,-0.0181172059583073,0.033767960736732,0.0453932497491991,-0.0402449913289793,-0.00243904884224587,0.0110932899756286
"0000129",-0.417438449542176,-0.17251307163675,0.129521817234557,-0.00172454615302228,-0.130414535539914,0.0115692650721702,0.0214302540362434,0.0247033475949908,0.0287633522008347,0.0528433230503079,0.00918302315362857,0.0358312990220845
"0000138",-0.394947584867813,-0.10093055223681,0.16999269320367,0.0741320496336584,-0.0435959363126746,0.0340300704672831,0.0450132395908851,0.0060581566773978,-0.0613639440417833,-0.00328289512950431,-0.0336143675696895,-0.00761417507348588
"0000215",-0.469546378455102,0.129861044661093,0.0562640943491655,0.0770767319778468,0.100989091025396,-0.0126018732013914,-0.0237494093765547,0.0682244344231392,0.105383278490597,0.0698308316023724,0.0711802737744859,0.0304832664138103
"0000260",-0.497346919962078,0.157305455272897,-0.104264657350945,0.0401331674970934,0.0444308790332967,0.0312522185784301,-0.0355717037742305,0.010208438474933,0.111538083582675,0.0653487176255519,0.0944077203178526,0.0749016858137908
"0000261",-0.500789558844291,0.1362448770364,-0.161289031603059,-0.0595187546310842,0.0512986306864267,0.177239488405403,-0.0463318758690314,0.00652036526615205,0.0701016969341246,0.0252139398237348,0.101613777651972,-0.0220591222515521
"0000273",-0.4262265539254,-0.116061243864783,0.00407811736800091,-0.0833240322320597,-0.117993804282844,0.0825463124228298,0.0640238080158721,0.00882125048566565,0.0340015022978645,-0.173861724138423,0.112210309422477,0.0176123789951513
"0000358",-0.454852854692002,0.0375355388895326,-0.116277671546742,-0.0639985498936819,0.106664959826639,0.116706435764685,0.000104785259101562,0.0499835591584613,0.0270300210508206,-0.0849060505940885,0.00896164040531932,-0.0214352391432137
"0000360",-0.417622296960653,0.0388009150247424,-0.0683259621284251,-0.0446776246707628,-0.0612483372926948,0.0375991825006616,0.00665423132466477,-0.132202361606969,0.0275362680835109,-0.00135692451812517,-0.033213909474859,-0.0151723988652012
"0000378",-0.519365589829163,0.100941536518945,-0.0708382316483276,-0.0183903118388198,0.0442343828223225,-0.00993630562452018,-0.085592071132754,0.041410129452629,-0.00931129518622291,-0.0573690863874288,0.0496179191681322,-0.0227351910046277
"0000609",-0.487904784482766,0.0705311415232343,-0.051090420149132,0.00342394265382644,-0.0146520501704576,-0.0618925792001515,-0.0835097884642311,0.0461505299871858,0.0428557796499819,0.077249674274138,0.0526658987926408,0.0419721378247901
"0000644",-0.522155984057271,0.188844018255114,-0.0388793522146749,0.0819937480355321,0.0226287845261499,0.031688319406306,-0.0622558527050221,-0.0275416671478568,0.035227446761241,0.105088968902765,0.095253896671179,0.0646800476620131
"0000731",-0.402509436710081,-0.0963234980174738,0.0196504523203017,-0.0672830545120176,-0.0573885066865938,0.0704019838979493,-0.0107149393076082,-0.000168035482325897,0.0417243126938781,-0.132589457068501,0.152378123796352,0.0219298638815884
"0000800",-0.426575934495934,-0.112824312389624,-0.0029599194489885,-0.0508571533623003,-0.0536637316514913,0.0401622541650002,0.00882254910363584,0.00135747611543196,0.0521270662606746,-0.109195715935473,0.158444378400408,0.0476404672007315
"0000815",-0.47391816430391,-0.150939935303182,0.148028851303912,-0.022191149474438,0.0176185087124336,0.111002584755812,0.00634286079200675,0.0808703556720658,0.0238763306820842,-0.0734150478082969,0.0534314338254565,0.00409436992329209
"0000866",-0.466996668972173,0.097772713276299,0.102975228851497,-0.0256477102324587,0.0628574319977934,-0.0599842566600402,-0.107451616804928,0.047137771815141,0.011960872200111,-0.0688314583857406,0.097391715951993,-0.047883927425344
"0000876",-0.395558705918082,0.08406946014676,0.157725989825119,-0.0410684881463157,0.0624342837380893,0.0547918612903025,-0.0261291545468331,-0.012418070877581,0.0808307386394089,-0.112418265131758,-0.00447555673232809,-0.0256538901303311
"0000901",-0.43756770619583,0.00123827593693077,-0.0420268790451189,-0.0348291877254033,-0.0400948051499587,0.0492612866314251,-0.0722010864658609,0.0641166351228056,-0.0135798797508363,-0.0185981616659181,0.123822152580416,-0.0197349223788032
"0000962",-0.516767939198041,-0.102287821319776,0.00620437207089636,-0.095511757953478,-0.0372251313655502,0.0513335406761668,-0.106327650924411,0.0480684941035996,0.0138883495055453,-0.0294173567537911,0.0833228911426511,-0.0333476628959611
"0000972",-0.456207739374615,-0.162275803140893,0.0867437511259752,-0.129585251437209,0.0560810586297232,0.025669368785945,-0.0618413176230514,-0.0658618318103385,0.101730350649972,-0.0576644239611619,0.127738493213488,0.0355772751067522
"0000982",-0.489314510067771,0.106992633823295,-0.0469510018665335,0.0370288479269535,0.029271927769995,0.0909096594587519,0.0253719333913315,-0.0480422709184496,0.0551698299284755,0.0198645048097284,0.155797995737026,-0.0156510797826308
"0001053",-0.433899214028808,-0.00713579231770134,0.0160235737253979,-0.141280823302726,0.0553524229776802,0.0298730950714774,0.0194605756309224,-0.098247022596643,0.0465594172656616,0.0674750365187909,0.0807925707168194,-0.00124226983248465
"0001322",-0.482339336652743,0.0603451987818242,-0.176015740954848,-0.0795683724321203,-0.0446133041993215,0.0701245622093981,-0.0396848527181382,0.0163976185830077,-0.0541255056063577,-0.103759070858011,0.00494837738375678,0.0713020033091674
"0001332",-0.387733048349193,-0.15351960078951,-0.104825791164254,-0.0493335419246038,-0.0873207798554259,0.0542656898561716,-0.0397900578529702,0.0230163945549308,-0.00767085165562711,-0.0548695958288211,0.121320681985702,-0.0165222032954491
"0001397",-0.490949616908976,-0.144272012914549,0.157210610831822,0.0755179646868266,0.00724591936882075,0.0458742732824722,-0.0041359357090465,-0.00234305364400421,-0.0130257454591537,0.0182317175085669,0.0168859485111445,-0.0304553253811803
"0001577",-0.383573190111182,-0.150989846912593,0.132178276243417,-0.103517465574667,-0.0403572600191278,0.0983808283593104,0.0597744433728319,-0.0536137982802,-0.0104988910903395,0.0741880909354089,0.027281582402341,0.0349135265177889
"0003006",-0.387383908069301,0.0808631330277847,0.0624862693215909,-0.0695095092280945,0.0318423300080697,0.0188212157998596,-0.140311352267402,-0.0220146335810223,-0.00205561994354782,0.00347754023698383,0.0362894711096337,-0.0334997602586442
"0003013",-0.449751264842759,0.0677225966212047,-0.0760029210225144,-0.0712291772033453,-0.0271898463390375,0.0878599468464045,-0.0504965196278634,-0.0351545944009048,-0.00605666413186939,-0.0243307135201742,-0.0396694745845132,-0.00292004684748355
"0003014",-0.429243950065096,0.137751642272641,0.0146645197874188,0.00107334256389238,-0.0143085382602739,0.164247264531864,-0.0501356785509792,-0.0774506095969501,-0.0575480095888933,-0.0294203477102094,-0.0445677031076238,-0.0123839546831916
"0003018",-0.373659293943009,-0.114331287633908,0.123760928631635,-0.0480102986039171,-0.0399759817256131,0.00353146042935338,0.0566924831320294,-0.0341298602924354,-0.0135078747444216,0.0858082884092136,0.00801190462515059,0.053078429209075
"0003023",-0.473600323453964,0.101368641695419,-0.0597274206239217,-0.038348118073525,0.0232267494450204,0.0691356742629186,0.0156085513457984,-0.0525630702391539,-0.0116018171413736,-0.0788665096064118,-0.0275781070222183,0.0847408413632214
"0003028",-0.423425002073824,0.148125926174113,0.0820087215942537,-0.0499802042320601,0.0262540008205215,-0.000236073541550623,-0.125518163772651,0.010490014087491,-0.0355899266551682,-0.0570152054875326,0.0907892548038155,-0.000405729273362766
"0003032",-0.401921764553149,-0.0997604346615166,0.171832282121779,0.00314323480074145,0.0312418891163264,0.0432186195098716,0.0466314708329709,-0.0296727088759412,-0.030805972818094,0.0669446819088834,0.0066490084566164,-0.0141305195049181
"0003037",-0.440603752285051,-0.146935199597225,0.136412598983141,-0.00762885833442697,0.0773214012651789,0.0631471844689892,-0.0497792146658286,0.0394558840387046,0.0189887428689825,-0.065857742638487,0.00385293128925792,-0.0233284454187506
"0003056",-0.396408920969759,0.135230080954992,0.00939072834779703,-0.00874994521377204,0.0211808413052728,0.0243037256630845,-0.0133918440419402,-0.00927877155266608,0.0540764951167765,0.0521654468789871,0.0817562232056211,0.0343672884142855
"0003058",-0.384556161061164,0.0232998677291528,-0.126781363781732,-0.0305257605187938,-0.0225766981596775,0.0487862744017167,0.023228231432088,-0.0750856822601547,-0.0210858788245963,0.0273137793765896,-0.0264874745784141,-0.00818516940362929
"0003060",-0.388273677425814,-0.120418204577041,0.174003945435082,-0.052464794247426,-0.0180834912105504,0.00913872778022277,0.0639975955590491,-0.0473122451712275,-0.0219409403060905,0.0738715966419672,0.0329556139867238,0.0265254987447079
"0003066",-0.431619598601231,0.088455022250489,-0.0731929504014367,-0.0562280232498327,-0.0133178860965463,-0.0106010504114671,0.0063064241954354,0.0045361839581304,0.066723282976538,0.0285306076130469,0.0193013439653885,-0.00580833489326704
"0003072",-0.491677017466457,0.133828014081472,-0.0551158727870203,-0.0941173364067248,-0.0191819929409657,-0.044728866850915,-0.0123149168317675,0.0281005563486048,0.00679914837100416,0.0135297825801308,0.0387239183819076,-0.0252470782611819
"0003086",-0.4430755556195,0.0975396163400156,-0.109658226364292,-0.0341319230161199,-0.0394936717887187,0.0804053995580439,-0.0397407361088516,-0.143773578332388,0.0351097168020528,0.0176612536501731,-0.00892175387779179,-0.0164665658962648
"0003092",-0.429092149216906,0.0666227829290727,-0.0720956678929981,-0.0267599673545485,0.0174677313163602,0.038752701344533,-0.0687157369427586,0.0248445540369424,0.0654742602185133,0.0255082383731081,-0.00908490461334813,0.0296542885306068
"0003100",-0.386386459942208,-0.0574513563448543,0.0968268012551782,-0.0858236093991799,-0.0599895136087417,0.0430711131633385,0.0440285231169312,-0.0352802808078688,0.0113684452116223,0.148700157878235,0.0357214840008955,0.0365399771714771
"0003101",-0.401401401588091,-0.12985000191516,0.105756559829696,-0.0373346528048307,-0.0137468408375633,0.0378392888126297,0.0674917568478022,-0.0789079703137656,-0.0567505037521581,0.161684694651541,0.0213213220511718,0.0372576518824353
"0003107",-0.428920689505197,0.0400834717881686,-0.129284203317098,0.000243029562933055,-0.0541983755654099,0.00759741241556551,-0.0223370919051045,-0.037960088276091,0.025427170648569,0.0738606359536676,0.0135700091358641,0.0135194813610917
"0003122",-0.456677752178302,0.0660141376878061,-0.0597335677317843,-0.0454699281697787,0.059984313293796,0.00669383956770196,-0.102941222628418,-0.00248264084823308,-0.0230690610175735,0.0471658482876891,-0.0119451270882186,-0.0429553468982701
"0003125",-0.480389148604025,0.0693055207897775,-0.0646554349060319,-0.0463113872801144,0.0214495645017863,-0.0591325725817837,-0.0467204657173862,0.0489148828374027,-0.0228636403856227,-0.00120802495222959,-0.0340355931057232,-0.0226271826702685
"0003135",-0.496642700859759,0.121054395767029,-0.0716909031980943,-0.108541589079669,-0.0245024091402241,-0.0480324273810351,0.0616253810965532,0.0560923580559859,0.0113545372237845,0.0203861540061618,0.0477480633187366,-0.0163372780180625
"0003145",-0.420456692264784,0.0876820060053244,-0.102947182448671,-0.0835248993613778,-0.0439331662581138,-0.0625733668830274,0.0273811662990653,0.0454174296968936,0.0116444864281042,0.0337577079640611,0.0108971120089839,-0.0251770160911224
"0003149",-0.341995155557871,0.0113345284559681,-0.0645490226506446,-0.0389985393299983,-0.0622781967352206,0.0962045166778254,-0.0352423186732178,-0.0471490162104863,0.00481274537579686,0.0554363092706932,0.0413244360661864,-0.027197158776075
"0003168",-0.383329852028534,0.0113208147083934,0.0662181036370978,-0.140594238167332,0.0395937940059809,-0.0389148842574061,0.0277743660607181,0.0107380130059198,-0.0164372592493427,0.0111836762182779,0.0965554091768566,0.0494615130542792
"0003169",-0.501086273170898,0.0752445048650033,-0.0220802236866316,-0.0949570672293254,0.00535137168473065,-0.0110623438235919,-0.129402240285346,0.0113008083787425,0.023727303180596,-0.0261777937609046,0.101158262720181,-0.0206351226087222
"0003172",-0.36195864357665,0.0579464717346453,-0.0634214566701012,-0.0934471321556205,-0.0105085536877042,0.0722401709667287,0.00370013567193113,-0.014296570717013,-0.0126849902297343,-0.00262095614362041,0.0461869070811712,0.0086973081180801
"0003178",-0.511822207745138,0.0878305395202847,0.0387193417131091,-0.0684280889286522,0.0893107068819324,0.0871386493644994,-0.127532378338361,-0.0212642612755232,0.0113663000978688,-0.0144318360855178,0.0476782453660677,-0.0652575859200493
"0003184",-0.471543212159713,0.0605523258968414,-0.105000277550111,0.0120364082894419,-0.00853442645727823,0.00235702326187854,-0.0100906840891041,-0.046827321944842,-0.0278129162078581,-0.00497433157207508,0.0340739229870704,0.021673005169767
"0003185",-0.280725484858847,0.0131545137834533,0.0371935096440788,-0.0761019988191286,-0.00940813339616682,-0.0166810526162648,-0.110043139762612,-0.0240133914840593,-0.0312734489480968,0.0708865672609403,0.0395271007235773,0.0365309654847875
"0003193",-0.452337578774992,-0.194385467464251,0.111861667918333,-0.00302361772478151,-0.0661472816662684,0.0961611153622676,-0.0138087203069022,0.0557842138167615,0.0233972647168784,0.0195290713776478,0.0257120478115211,-0.0296533168850771
"0003197",-0.395357146503979,0.0585408737032848,-0.0858842856355843,-0.0397967743989548,0.0113796770557295,0.099428769545682,0.00164326881009957,-0.0539204178847094,-0.0101867725945074,0.0473521160956886,0.0535535539323854,0.0117953831582261
"0003199",-0.496277567034709,0.0940160181679842,-0.069368052594271,-0.00713213091414967,-0.0127617106513468,0.0309888697930901,-0.0799561351017498,2.3422469919529e-06,0.0273881826952263,0.049669602404216,0.0735429065292755,-0.02289847988565
"0003200",-0.482026357029653,0.0142887078664182,-0.102817384775097,-0.0675145845308793,0.0488425552667177,0.00903914370019747,-0.0402873402131827,0.0500026180140337,0.0482161613918281,-0.100865132041636,0.0218695529655199,-0.045059666228992
"0003202",-0.470319505584212,0.191618941890805,0.0231136034192176,-0.0960752965770474,-0.0215893461448833,-0.0195709484253886,0.0437536797115938,0.0591134124550625,0.0271698865807216,-0.016743318985424,0.0466066010654106,-0.0318714139222928
"0000015",-0.395359685331954,-0.170099980580511,-0.0687584887395808,-0.0764573699330458,-0.0634162288874975,0.0835677219738093,0.0105294513770715,0.011190935117518,-0.00845112074700502,-0.0979564194186075,0.0925941478581402,-0.00733741414540354
"0000063",-0.442800204476617,0.189188474545642,-0.0178980993517825,-0.0351844719954121,0.00689747119224338,0.106079650029409,-0.0768470879229631,0.0211955360300618,0.0696352403879171,0.0819303451888521,0.041926044846024,0.10308946497968
"0000104",-0.489000759419388,0.0565770102916273,-0.0976369559883312,0.0249413549123491,-0.0273541745284229,-0.113371403250819,-0.0463851252962612,0.0427814273676171,0.0433419705465546,0.0309916063082741,0.0876313071900091,0.0101142256990191
"0000110",-0.456957267612358,-0.141477533183727,0.131819936921638,-0.103520520327589,-0.077151230670829,0.0219710623086107,0.0328380751770385,0.0158214892005566,0.108231534295725,-0.0440268994399934,0.0967903891091799,0.062999414630252
"0000127",-0.490132927150085,0.0765711327107492,-0.00582868957395667,-0.00800516174101512,0.0215424155442844,-0.0143529553356913,-0.0557850579363454,0.0752006757761509,0.0417556846810896,0.00888965177208558,0.126656721701316,0.00944990364106514
"0000134",-0.349100535258197,0.0732355812408805,-0.0293631555189223,-0.0275558340739468,-0.0443030097768959,0.0497327315971056,-0.00487968394206931,-0.0591868522820834,0.026909162709841,-0.0246151992283842,-0.0316227570931,-0.0282214929511378
"0000142",-0.490971710268948,-0.103804517781311,-0.151578368023412,-0.0731283277717883,-0.0780699244878958,0.0547319516596437,-0.0333747540917046,-0.0148655236427377,0.0271941836522818,-0.0898476921284661,0.0600155982847587,-0.0225540935927065
"0000301",-0.397916530707883,-0.142687896166364,0.0752214764954065,-0.0665417654826984,-0.0784221205747207,0.0447778105793479,0.0158361147898116,0.0379227481930149,0.0684966588710573,-0.014883901632678,0.069927449970052,0.0498183125328378
"0000359",-0.469003437443927,0.0172626890497021,0.150802820397863,-0.0504239716995556,0.132442175356234,-0.00354061422960789,-0.10919783072686,-0.0324008389874399,-0.0155043093602308,-0.118978310565174,0.0543727164588547,-0.0489663196744541
"0000361",-0.4481949571836,-0.150291347378144,-0.0331315810710182,-0.0463792096463042,0.0444402271969803,0.102290680852834,0.0191469040757732,0.04812919383211,0.0278119331927212,-0.0750142333774504,0.111647192642525,0.0431321377945597
"0000391",-0.463902646828099,-0.118511283595802,0.253471985474698,-0.0116122676191942,-0.000742586187219462,0.0608139158654566,0.0881407321581366,-0.00931478142981168,-0.0205764602552565,0.0560354292194754,-0.00967617509277378,-0.0016601232602961
"0000400",-0.418338575151253,-0.111426045788783,0.173098895913757,-0.0578042493669328,0.0305693024764978,0.0241589454738339,0.0122063713260672,-0.0305835304711677,0.0194082863763479,0.0808789235167274,-0.00130862988424464,-0.00690342429476631
"0000473",-0.498311606949772,0.11805424373452,-0.0659981222820521,-0.0632240563429697,0.00691298352202749,0.0322553673638931,-0.0812701783604642,0.0154777181586976,-0.0170611667046313,-0.0292244910581321,0.0690081752140072,0.0356224507671199
"0000549",-0.460937861735499,-0.0162250190458323,0.0340444671049175,-0.0937707528625148,0.00584222310177491,0.0559175033163792,0.0333116863188323,-0.076225718639833,0.0313412318112142,0.0246360527461865,0.0687373388792275,0.00806388645686135
"0000561",-0.451068510391864,-0.0873663900367289,0.211615107006856,-0.0608568559698297,0.0340871571258636,0.0264000130282622,0.0594984648314387,-0.0217466241722593,-0.0137293214383066,-0.0144691841443376,0.0305210377300595,0.0180920711318221
"0000593",-0.398704406324526,0.0485589211656007,-0.143844521618745,-0.0539198464110308,0.016653794724453,0.110622866750232,0.0249338594866167,-0.0533633016807267,0.090230374233148,-0.0407668974629816,0.000800588288291201,-0.00991585500765847
"0000723",-0.330564767182306,-0.0826178630924804,0.15610502515039,-0.0796901479913727,-0.0359957917372317,0.0683638359101711,0.0670584196532324,-0.0108598626602877,-0.0161152433324662,0.0269166930740843,0.0446586203501902,0.0452566706208851
"0000778",-0.447188911103581,-0.122241152093852,0.262376331174981,0.00140703543424961,-0.0207942712307763,0.0617231297450145,0.05741157523926,0.00206326429310594,0.000365798653119907,0.0542018652656823,-0.0417131352079527,-0.0166382596578603
"0000807",-0.446399209831668,-0.0214754139334749,0.145129696126072,-0.0400925443612318,0.0028874702247233,-0.00725751398347801,-0.00610522347729274,0.00600257417284969,0.0185927641524394,-0.00165133531488466,0.136013464628352,0.0386275182024957
"0000812",-0.443435324967853,0.197796086319224,0.036674003343329,-0.000961477413023159,-0.0667569469275602,0.126623383340715,-0.0784099214317763,0.0395011069678127,-0.0585711429916615,0.0359294610552985,0.115786127830618,0.0312844409793063
"0000821",-0.35863423518937,-0.117766061640402,0.171424094547983,-0.098899617753694,-0.0235676824275296,0.0156839863543112,0.0854758499568896,-0.0205871534268651,-0.037789195620482,0.054490996354868,0.0625356284347716,0.0385235913129641
"0000822",-0.446399209831668,-0.0214754139334749,0.145129696126072,-0.0400925443612318,0.0028874702247233,-0.00725751398347801,-0.00610522347729274,0.00600257417284969,0.0185927641524394,-0.00165133531488466,0.136013464628352,0.0386275182024957
"0000879",-0.466269260437467,0.0197263969277153,-0.155287958804859,-0.0255200954236374,0.010283599156168,0.0412449227940314,0.0359499164230541,-0.00442215038590956,0.0573393407561537,-0.0669014114989738,0.0422394065223389,-0.0140836066576337
"0000884",-0.454187481906341,-0.107179836630737,0.223895587956037,-0.0259606351790398,0.0271080425369074,0.0502582883190399,0.0649158834360685,-0.0201601923751472,-0.0240304901343016,0.0210549852858402,0.0416427586981698,0.0118195133766488
"0000910",-0.438358936528634,-0.0929585559237528,-0.0167310376219779,-0.0499023889297059,0.0861621512169533,-0.0119902039237197,0.145080771540564,-0.110863731584389,-0.0417325975196712,0.00616405901401073,0.143382051241686,0.0144117990821869
"0000926",-0.367522313806479,-0.119838338862315,0.116279980596473,-0.0233222154258935,-0.0019620721744614,0.0403865976805766,-0.00766379043568172,-0.0153567683813655,-0.0114964302756352,0.024528006632736,0.000823125331369763,0.023404099344361
"0000937",-0.481372156013206,-0.147031626321219,0.16981106711727,-0.000550053919292964,-0.0411391822963421,0.0266517359358747,0.000273099253245064,0.0409925974805632,-0.0085921470721776,0.0642475707628984,0.00701106671925851,0.00934063612891865
"0000945",-0.484804993341181,0.157962498289282,-0.0562160908935782,-0.0311891369387956,0.0556160017973193,0.167097284187576,-0.071007565364863,0.0480179281275546,0.00514819974492966,0.000192954482706329,0.07024249365331,0.0143074786587734
"0000953",-0.445100281033536,-0.122993345741088,0.245239700565911,0.0154987221597274,-0.00537869201899296,0.0634441269259603,0.046519435007224,0.000442331610374997,0.00992658783024706,0.0484729911181813,-0.0507244568219229,-0.0130103427848867
"0000989",-0.406719164053133,0.052484889220111,-0.0546329605666505,-0.0424891279196688,-0.0052606318605324,0.0596640467648878,-0.00354111724361361,-0.00570476654945738,0.088892810241227,-0.0586718352930443,0.0796462001331382,-0.0127780330222445
"0001070",-0.520164916966167,0.102351388504447,0.0601974431644987,-0.0309519223548701,0.0387592184961237,-0.020243939995853,-0.132956527693988,0.0276155812233665,-0.00347779921084152,-0.0442112943075157,0.121422467796539,-0.0320994646714615
"0001074",-0.499283770234133,-0.0488050358993185,-0.135177622776654,0.00554058683184301,-0.00615800160865545,0.0143395730676838,-0.0254047092306127,0.0220438067350643,0.0168635808286744,-0.0289581713163282,0.0267600752875719,0.010118900447
"0001075",-0.354120979113398,0.052583831993177,-0.0200034439307627,-0.0854885547533744,-0.0173759404276398,0.0551390636267492,0.000860248081243102,-0.0251851891664182,0.0828194608454339,-0.0221361985374557,0.0783428512358755,-0.0125799248802861
"0001147",-0.435362660391345,0.122600513931324,0.0784822691612891,0.0345644953298303,0.0423615655107069,-0.0653960421273427,-0.050255296783728,0.0884537707033451,0.0122154997051846,0.0367985685327277,0.121018630204747,0.0250470769756191
"0001208",-0.43826876391329,-0.0973217136006688,0.199832955108034,-0.0384880611091742,0.0166552242808342,0.0241640444492336,0.0303377134925498,-0.0173646744556654,0.0083601691756283,0.0205759908010418,0.0235803111727582,-0.0174019779145322
"0001306",-0.408264092292883,-0.0796730536523565,0.141805288626885,-0.146244197943683,0.0775371605072451,0.0114077456073267,-0.0120510661183927,-0.0843453528102992,0.0876249706541419,-0.0734903439736978,0.106057275323782,0.0404336675813748
"0001399",-0.439513154765808,0.0738635783275631,-0.0610643870580641,-0.0458774074722876,0.0488363554600619,0.0729677318360954,-0.115793789302163,-0.00146638246747956,-0.00925524325675625,0.00327629526935681,0.0377027932717992,0.0516040344397674
"0001416",-0.489944330267237,0.0616812606103314,-0.0781931789049751,0.0424963808060574,-0.044392723962429,-0.0494946604601111,-0.02602030865363,0.0529469999322449,0.0294254912568709,-0.0165296618684437,0.079221831726271,0.00913421048761886
"0001444",-0.471604286909152,-0.210252064380584,0.0988358958569857,-0.0578756082651892,-0.117607860515972,0.0249697719574564,0.0175433291314665,0.0709110645383891,0.0558274570302447,0.0164065462443192,0.0383576967864184,0.0347094388232519
"0001841",-0.495198433174253,-0.2065034482078,0.0867807642896097,0.03398293935823,-0.0400178010183008,0.0796555217516879,-0.00426597422183844,0.10109486528843,0.0108024304679859,-0.0142483029069438,0.00605734608365327,0.0092454766296156
"0003003",-0.514770105545562,0.0055736253568949,0.0770069658911339,-0.055365766606032,0.0535267434088046,-0.0287286681086473,-0.0798925849331257,-0.0428858919721174,0.0261365545884764,-0.0535978041672583,0.00727949346630209,-0.0399183282694347
"0003004",-0.423299507185658,-0.0721177030075201,0.140593050771051,-0.014407049513437,0.0196503400128548,-0.00446507772388508,-0.0469421493448929,-0.0468933272185628,-0.0130597674616843,0.0457003597655254,-0.0596940429617679,-0.035050606868548
"0003017",-0.338061808653157,-0.088432566791428,0.0789581814642826,-0.0264213468757031,-0.047863047214417,0.0116043570098526,0.0192227021479397,-0.0218882230969628,-0.0288296842380604,0.0590420270957118,0.00946968213377617,0.00428720447855232
"0003039",-0.368840688541867,0.115224960233933,-0.0111289418718275,-0.114390943466986,0.025596002310917,0.04601761612943,-0.0253439288655909,0.0115935421600282,-0.0351106504688504,0.0127691559678486,-0.01826178015221,-0.0500377800626616
"0003054",-0.405566815595129,-0.0824334447998572,0.0878699899721304,-0.0149739137809704,-0.00763159047859048,0.0264122012275755,0.0386917179302158,-0.0405986345038552,-0.0213773393509792,0.0536554302331498,0.0182843892791254,0.00603893359411104
"0003059",-0.486998052851922,-0.150084648652349,0.255992655902253,0.0231259686940405,-0.00896923516131016,0.0588907473520753,0.0469255573202428,-0.0320548234025234,-0.0151632788796356,0.119928985956264,-0.00940176658783429,-0.0157991265662424
"0003074",-0.36734945447912,0.139625259659285,0.0365685694948227,-0.130067656530232,-0.0775614152566427,-0.0976099478807523,0.0563971342342052,0.0503421445228827,0.0211158605290297,0.0650374594268982,-3.63913354046167e-05,-0.0221099488803944
"0003078",-0.45259768917558,0.14724420466741,-0.0392567694382241,-0.0771641164651551,0.00896698187685397,0.161892950034171,-0.188607130564376,-0.0060458288417136,-0.057435141103771,0.141720270534521,0.0760958523266324,-0.0478587932014347
"0003081",-0.459991767892905,-0.132194862987229,0.263268529954875,0.0026427966146237,-0.00245756341902342,0.0621351634559169,0.0807632907208735,0.010099455311534,-0.00528660281331351,0.0692665051388198,-0.0678383469071962,-0.00705794573301339
"0003083",-0.43865978735521,0.13591916647404,0.00865655044356121,-0.0505502459001067,-0.0441753100038746,0.127779734174268,-0.0384962585856255,-0.0744279334876132,0.0729965659985549,-0.0340844120973663,0.0356554665855436,-0.0318670192508734
"0003096",-0.420612651564271,0.125882864487666,0.0966098347827961,-0.163580945253216,-0.00407690943304955,0.0537138328518595,-0.0542104997193859,0.0216935812711175,-0.0486150335082335,0.0225988824086233,0.0342157645618621,-0.00153913495524595
"0003098",-0.466708445089045,0.100789978673549,-0.0129851852546547,-0.0177779478033791,0.023430046985323,0.0996351039339908,-0.071783629197182,-0.031019946543516,-0.00780784395727878,0.00566845546657302,-0.0763165660648045,0.0108797047365109
"0003108",-0.419763518442886,0.0027651545813914,0.0610464188129062,-0.0925928292316514,0.0567724386394138,-0.0111718520919367,-0.0156070635675858,-0.0375894912242878,-0.0339697348840152,0.0216583139288344,0.0946299358066638,0.0195968187638548
"0003109",-0.344158297224435,-0.0870537648912789,0.155260383644857,-0.0337688442531259,-0.0393906791332784,0.0387761047002886,0.0247705005718484,-0.0141095485323322,-0.00081618407168902,0.0560325454394396,0.0256869749294363,0.0136379764684144
"0003130",-0.457811411028178,0.119510883190096,-0.037950509933241,-0.0345956707495263,0.00872659035004762,-0.0185434285892185,-0.0701171863177884,0.0574288255086792,-0.0272329686254715,0.0999201010911038,0.0685172481076209,0.01824545835869
"0003131",-0.460859492351225,0.0951217629464331,-0.0448485232817336,-0.0896406424257882,0.0365368745121259,0.0680490187747231,-0.0782317055239937,-0.00899840289634111,0.0774789780328321,0.0424424043413927,0.0685679146366846,0.0151548926665902
"0003136",-0.339915865216824,0.0742055145972838,-0.0496790801814039,-0.0701275705574486,-0.0590034566587458,-0.0253220494765123,0.0555155779829751,0.0414086120342165,-0.0113345162078946,0.0476089011668874,0.0212663884604894,0.0123952874231623
"0003141",-0.434389327008126,-0.0931091884724655,0.217159354086687,0.0217680547060125,0.0470061404386148,0.0249422538431333,0.00509052107975103,0.0189580331486704,0.0336699279781823,0.0121954275703721,-0.0731471745742742,-0.0198126682873254
"0003152",-0.437806801968498,0.1276913918515,-0.00887385378234851,-0.00128007218540069,0.00981396955994112,0.0897702534990984,0.0581726307039668,-0.111366893699046,0.0894386435168792,-0.120310399371185,0.059526569296226,0.0737775852248106
"0003160",-0.495753603710111,0.0514196953892755,-0.0763862931526909,0.0420530670170375,0.0475060683369926,-0.0552818313604299,-0.0308677677911142,0.0406447511363172,0.0089800590112516,-0.0307407696443826,0.0798413051375228,0.0199824931160572
"0003162",-0.330457638203986,-0.0631359969592306,0.0949451802741865,-0.0785906885129394,0.0241922075283489,-0.0119681839546514,-0.0561959471176463,-0.0578850804108506,0.0497891060075803,0.023286260131658,0.00170395704650905,-0.032881278170302
"0003164",-0.377097474953299,0.147412456722142,-0.0183865638853264,-0.0389411883573637,-0.0822136998185511,0.0830468735802781,-0.0894583725617897,0.0174417140722243,-0.0483239698277439,0.120472474519953,0.0529366011769506,0.047619906867837
"0003181",-0.465308028294721,0.11781916718702,-0.0513194736255486,-0.093829140389293,0.0230498547962052,0.0183230932684851,0.0456137557551093,0.012080498416417,0.0462554928443961,-0.00513971294256625,0.0433560014673441,-0.01045908853128
"0003183",-0.446481748343519,0.164114591207429,-0.0160220420267484,-0.0280467360862081,-0.0797885244902567,0.0924524552626873,-0.0323854216971741,-0.101134325920612,0.0556702080987643,0.0198525278667039,0.0384474300976741,0.0284327171458519
"0003201",-0.403208754341627,0.0861207458554873,-0.0716374659633758,-0.0647114020551078,0.0208834839923329,0.0538605276121331,0.0401728242709716,0.0447474554753582,0.00990559983791891,-0.00191596957102776,0.0367811773759491,0.0306542460651876
"0000008",-0.459175344772306,0.168925452122232,0.0481154999505273,-0.142820138499455,-0.0233683564550998,0.0034001543184261,-0.0997748950797662,0.00936878437834801,-0.0163693151891148,0.0158746497720016,0.0555671473785794,-0.0256463056616932
"0000026",-0.459033439576529,0.00267011490813126,0.0412428407009761,-0.0296196911690267,0.057584042734654,-0.0555121966075368,-0.0151255773156271,-0.037847141523415,-0.0276210066346664,-0.0585940356923932,0.0670509297004168,-0.0343019111907683
"0000030",-0.518515069868766,0.0562873271315522,-0.134135324121213,-0.00235713678447933,-0.0659395243858782,0.0105604867358931,-0.0331459968847575,0.0359601133105228,-0.0293200053327778,-0.0210016469419068,0.094824050547224,-0.0504037083778416
"0000035",-0.438888808007016,0.073730541511667,-0.080228779039788,-0.0557742525382946,0.0131841924469083,0.0492285790873814,0.0262474717322076,0.0478561296550901,0.023954736323105,-0.0650709340528344,0.0422167563955351,-0.0134459614604745
"0000096",-0.471909327089082,-0.0553175159175976,-0.0043926600830014,-0.0934973264973974,0.0601847119472578,0.114018701747952,-0.0443320462335454,0.0327738981644433,-1.95985660346071e-05,-0.00298066628614139,0.0104713638308054,-0.00384193058447304
"0000176",-0.457736255140392,0.105381342135004,-0.0143067265524151,0.0290626567773613,-0.0194123849319785,0.06333912466045,0.0379463427049842,-0.0619854361706282,0.0619454527100982,-0.11112653050696,0.0146830360506529,0.0687355734089037
"0000257",-0.521558104027455,0.00550259857461387,-0.0478341529939259,-0.0138993193176389,-0.0232799394986326,-0.0290473354902958,-0.0837258618167138,0.0429691123099496,0.03359761359172,-0.0737733585416043,0.0906900046743477,-0.0199970317691419
"0000293",-0.372893099403773,-0.104082414095165,0.117655443295222,-0.0959131226743577,-0.0445914184329578,0.0808230894141828,0.0479518575848794,-0.0192646463539888,0.00709685030561055,0.029507017193047,0.0454735345314768,0.0560948637483512
"0000362",-0.413823896862594,-0.0842768687991911,-0.0300369827524037,-0.0722689711033715,-0.0892934325116465,0.0642577324061508,-0.022724928537453,0.0494385874051071,0.0239368769604278,-0.109066729579985,0.126786650883493,0.00327230663986402
"0000397",-0.50549535069299,0.118682643008414,-0.109939248733763,0.0396322726312771,-0.00352593677859693,-0.0099312530402994,-0.0301148529400453,-0.00496103621317959,0.104267902812117,0.0361542272001062,0.0450952325502929,0.060072614997912
"0000594",-0.486018471067301,0.047131380987822,-0.128190179761592,-0.0334865411053209,0.011391551696401,0.0921192302999714,0.0417458202943196,-0.00589067259766228,0.0750036613812038,-0.0475006487811634,0.0262994010848815,0.0154632675791211
"0000767",-0.474138716283613,0.148991918285113,0.0136938051055858,-0.0980274954976819,-0.0196125250983219,-0.00313051121019487,-0.00589650920120964,0.0242121280763221,0.0719310016849593,-0.0251900482417885,0.0756122030148352,-0.0264282814316896
"0000781",-0.444917173133463,0.149249240918178,-0.0203543632368586,0.00433979725537326,-0.0868013237237129,0.0672052982801961,0.0450226512748348,-0.0372349256076033,-0.0475302727537184,-0.0909757998291839,-0.0402602066639173,-0.0207760217920042
"0000816",-0.418185977033255,-0.116161215664383,0.17356440514474,-0.0500044630974614,-0.0587238691631989,0.0249628126019982,0.0274750389105482,-0.0301094530510571,0.0191738005908371,0.0351213612533115,0.0786446973011989,0.0336823947161165
"0000929",-0.444187773031871,-0.0491077873338932,0.157826518977155,0.00861011852952886,0.0160097377619381,0.0221250308276034,-0.0292055628314552,-0.0454262017431129,-0.0288202881957191,-0.0149442547371419,-0.0176809740419129,-0.0198550602983851
"0000931",-0.397885866988832,0.110019572298527,0.0238592935702595,-0.0605321509129527,0.0683954545322409,0.120722780543597,-0.0869493426660111,0.0222933241018447,0.0268648513236891,-0.00689761203598953,0.0458850213216915,0.0495252409114918
"0000958",-0.497033062544976,-0.213201069025527,0.0785537219319701,-0.00815030112990274,-0.0101363800391875,0.0850743866991782,0.00398632948043371,0.0525867644886095,0.0141907266425264,-0.00227394760428756,0.0319259638419032,0.0186041105179862
"0000961",-0.448370120235219,0.170589981613387,-0.0023874688469853,0.0289164615272598,-0.115495457331694,0.123095104103697,0.0148167403241856,-0.0650882222198713,-0.0108933829489912,-0.0606168875001114,0.132000524464221,-0.0725911955755442
"0000963",-0.461131564448854,-0.178284207771714,0.142029332845238,0.010250945478868,-0.0102565773768232,0.0846202180567422,0.00197083126416475,0.0159454786035722,-0.0104633297161882,0.00632288481133191,0.0113277422287892,0.0213442936332349
"0000978",-0.486201445021318,-0.182531962992185,0.129756008894991,0.00953522328457897,-0.0722860633278828,0.0430349157969612,-0.0444047530940563,0.0525533408074095,0.058632988011598,0.00130518416638031,0.0264323029169535,0.0155728506409352
"0000981",-0.469302370688838,-0.121881632757421,0.14000306943199,0.0399141253444301,-0.00899080011609777,0.0608300254219871,-0.00620129541440919,0.0228641796056077,-0.0127123977288928,-0.00352996111486259,-0.00842107785766374,-0.0128279812949437
"0000999",-0.421480210923568,-0.0927602251818049,0.138756723637667,-0.0306127787999247,0.0092112570661165,0.0584786051817501,-0.002346264199113,-0.00476181235180793,0.0130148451009304,-0.041154951901268,-0.0218638751918524,-0.0166080877959942
"0001017",-0.424246732213914,-0.0596384267154579,0.196046553884179,-0.00622856326961325,0.0136013100160854,0.065217927018119,0.0485011617479816,-0.0193084029607666,-0.00247550437574239,0.00201262171449026,0.0177483835130327,0.0138000227258046
"0001043",-0.524966786790353,-0.168434182804284,0.087185670046995,-0.0212979127129157,0.0248263962291327,0.0362058689708345,0.00198863227749236,0.0737410370904754,-0.00116075040065935,-0.0230887467481856,0.0386320616225128,0.0161311027308699
"0001050",-0.489358663614496,0.0991733566961086,-0.0451945170263954,0.0394643127960339,0.011693994299642,-0.00174543400478133,-0.0493004269688482,0.0244728592188247,0.0765891352224255,0.0429314847677544,0.098011231853655,0.0545681851272981
"0001065",-0.442185353422619,-0.0717701040378954,0.144988154814788,-0.0911106269936781,-0.0110828989627815,-0.0094449412159117,0.0439307145739999,-0.0799811747112205,0.0194943995508965,0.0154614840923219,0.0644922124054415,0.00384909621382364
"0001071",-0.438303107520102,-0.105621505848483,0.117896315536069,0.0493713784599017,0.0153493012346037,-0.0134570010532929,0.0236713127135249,-0.0362415434490219,-0.0294616391375933,-0.0209099243298163,0.0363421393591438,0.0681860951476862
"0001187",-0.418405369537262,0.209867219066614,0.0556304456347004,-0.0403794963930863,-0.0206395021937801,0.124145107664659,-0.110455554502727,0.0770000110212639,-0.0252985011905052,0.060086425416726,0.108307011873236,0.035125395635659
"0001251",-0.46512945223765,-0.122894560461448,0.162039371362691,-0.00203434094874578,-0.0128089856663445,0.0727808580870418,0.00670229697892631,-0.00148758791205651,0.030876035157195,0.0150393709742857,0.0237152457322314,-0.0107679559362739
"0001347",-0.382867081157294,-0.0744038524200327,-0.0153741748175979,-0.0793209802992705,-0.0771315843234487,0.0603450501465353,-0.00999753785159561,0.0472825075332486,0.0179309424258687,-0.0809848250034926,0.102759050980746,-0.00430862486249266
"0001370",-0.370122135083853,0.00128898203024883,0.112512392611336,-0.0384716398655614,0.0615874226153336,-0.0268720534416956,-0.100776229360502,-0.0322959682957733,-0.0288177935275544,0.00897718707641536,0.0207617300066493,-0.0103328647895926
"0001405",-0.438607546011412,-0.0224980038736297,0.141882390822759,0.0111710148715881,0.0494672521122498,7.99432178937758e-05,-0.0787089990323586,-0.0484191573221546,0.00734049429707699,-0.0220469140294,0.00296629611460278,-0.0231436308115981
"0001698",-0.321113715095756,-0.000667479381444009,0.0634613806716413,-0.0581403177856961,0.0276862208547268,0.0175735391816322,-0.0416626742504909,-0.0443105157260992,0.053710594940331,-0.0264576091411437,0.0469590565968465,-0.0322679418301524
"0003033",-0.447453972843244,-0.115744844171047,0.18362727225058,-0.0632023133345049,-0.0307097780641739,0.00726220141565185,0.0487486668592935,-0.0369461734539282,0.0213003761396774,0.0709146655687212,0.0404593065808307,0.0336505729921513
"0003041",-0.298840393083788,0.0804094068152563,-0.0355494242468437,-0.0685192652303434,-0.0300825918753376,0.02935224820052,-0.0385811180852956,0.00615301473248625,-0.00251484138353547,0.0903027479609798,0.0521467246428837,0.0338312073634626
"0003042",-0.372553521906815,0.0663555336572166,-0.0767396425328603,-0.0713934719878324,0.00905008264718795,0.0623581458192935,-0.0349795745966333,0.0124820257546718,-0.00870146960201316,0.047478873726341,0.0602790025106205,0.0237641216945897
"0003047",-0.388766285446155,0.100433153862595,-0.00246453140240471,-0.0373651211941433,-0.0119511499473753,0.020327171162397,-0.0134112705458486,-0.00331941152911559,-0.04878000154406,0.0142582727505151,-0.0159695187788405,-0.0434584858943182
"0003051",-0.344542363155499,-0.0751046076264982,0.146813502290818,-0.0189067194203304,0.0253912529142015,0.0333431642461334,0.0580250549818363,0.0100103240203468,-0.0215332059095776,0.0522855023788475,-0.0506164318881975,-0.0110836218064092
"0003057",-0.420644034596648,-0.119331755357263,0.170448385481369,0.0432966252597137,0.0185076851110489,0.0505786522793878,0.0037594813433333,-0.0393602400533094,-0.0356834870004403,0.0507274426367539,-0.0470463329465617,-0.013227904996816
"0003082",-0.400155016290337,-0.084122777028536,0.134312522558985,-0.0871318813249914,-0.0308900975430185,0.022066174601231,0.0505362253297491,-0.0197331443897046,-0.00762520735396398,0.0719930765032492,0.0580478048906699,0.0309415038172013
"0003119",-0.421728510905549,-0.0822000228620405,0.129471741806087,-0.0387421620075157,0.0411066516587867,0.0331559754425717,-0.0573724671803472,-0.0293902178646375,0.0185965019761201,-0.0503094420560117,0.037157380474347,-0.0442486307612979
"0003155",-0.412562317986596,0.0802113184006326,-0.0361000988654241,-0.00204275840619295,-0.04210868908791,0.0149481920237887,0.00149364501823038,-0.0218058786283064,0.061501903264655,-0.0332568170072546,0.083934846984221,-0.0234042431124427
"0003194",-0.382564307373663,0.0662181618584461,0.0361594671855702,0.0596389322808464,0.0387339681437081,-0.00346964528109745,0.0218193271269394,0.0364167125549057,0.0259177165753027,-0.0771893343730929,0.0579149373657663,0.0236103537481161
"0000636",-0.471158451686562,0.0658617378573406,0.0220971237524988,-0.0320904330656809,-0.0156665008566852,0.0362160542262483,-0.0779630483504913,-0.00680500494930329,0.00768892397548546,-0.0492869377687125,0.108829166724976,-0.0380110384590303
"0000861",-0.443465512237231,0.131042629884483,0.0414924196422764,-0.0292814621881494,0.0361378636112048,-0.0349526720319895,-0.0808551801652831,0.0757422435875855,0.00263133287024671,0.0563029679975244,0.148473928327506,0.0310073848181592
"0000946",-0.461222973366855,0.151286613158722,0.0587918832189895,-0.122888804388854,0.00969150117143212,0.0293443658962349,-0.0812370554079482,0.000355664012277453,-0.0299269450333474,0.0152840632835079,0.0355990828798013,0.0456804670605122
"0000968",-0.452057449677062,0.115554062399337,-0.00393175700285492,-0.0618812254577633,-0.0196793362501905,0.025903872716733,-0.101493361275247,-0.000668967466311919,0.020193366808697,-0.0163327803992758,0.065175279877186,-0.0337475386395714
"0000995",-0.476717602857894,0.13831699364197,-0.0727468872319018,-0.053157037123266,-0.0143787593759175,0.0219926670382879,-0.0723789877324683,0.0265622733004379,0.0588659888266957,-0.0172429037558913,0.0795076560801545,-0.0238747541256679
"0001062",-0.481831297843485,-0.133345822580451,0.160573327199279,0.00708239397166292,-0.0386310228784137,0.068887431204701,-0.027522897068824,0.0418561253011453,0.0529552580462238,-0.00039506940174678,0.0469562888447106,-0.0086818273578416
"0001181",-0.426193426809761,-0.0924930390906124,0.127505893344063,-0.0248632556023243,0.0191743093746651,0.060262685181964,-0.00748212506949685,0.0287090348041488,0.0412904111036944,-0.0709420982099069,0.0473639507488452,-0.0107556214306895
"0001879",-0.474543687092278,0.14242757453079,-0.0913031120756909,0.0109041209287083,-0.0620812730548976,0.119590556001302,0.00367722761997442,-0.0223561638449638,-0.0136717027737459,-0.0328966560364399,0.0685760902620558,-0.0267113776437084
"0003020",-0.384218084964093,-0.034674009770052,0.156966585808957,-0.0377716012926149,0.00629766757719593,0.0684770428157634,-0.0112312126449271,-0.0107581584122677,-0.0324379920146412,0.0359626082131157,-0.0278137352252623,-0.0200785547151638
"0003068",-0.476551355264732,0.0732213774690524,-0.0785557635085185,-0.110094743860637,-0.0649224728824729,-0.0588746077146174,0.0453818004203882,0.00647135305164598,0.0368898808175185,0.0012160065562162,0.0457921765067663,-0.0129905373904681
"0003087",-0.463018574071672,0.125315580118981,-0.00730778580744084,-0.116400029803147,-0.0101411226526115,0.00646485969441048,0.0312980790500855,0.0224233646684076,0.0217730908628932,0.0124805134100121,0.064834427146362,0.0333853138369523
"0003088",-0.414378274677239,0.129288461842059,0.0285463255824162,-0.0819668848877776,0.00650398687935356,0.0454380497397537,-0.0451556053069017,0.0264464575239002,0.0640260643257862,0.0653803302326319,0.123742261651913,0.0467983349204323
"0003114",-0.404278598576684,0.100407889620918,0.01484809475314,-0.0876650453829832,-0.0395669206059924,0.0173578155664998,0.0492805044916577,0.00230894918966416,0.0166113686323253,-0.0190118442073963,0.0514587883896087,0.00808989505148546
"0003159",-0.428422916111889,0.0975632842800929,0.0310357851861848,-0.0438252527074624,-0.085483532870485,0.0417655459431042,0.0272629595011718,-0.0270272516172698,-0.0577690494273212,-0.00568225949778743,-0.0254188942600623,0.0353980570374568
"0003180",-0.396443143514126,0.071372473920183,0.0261952051415995,-0.0422235686951341,-0.057712710558586,0.0223073957077846,0.00963064428839747,-0.0335688822040621,0.0056229269922648,0.0220065521445918,0.0123886452606128,-0.00834114184402935
"0003189",-0.448407095823411,0.159517274730709,0.0696546174228864,-0.110848136561685,-0.000574716763211606,0.046511662346506,-0.0697150141273943,-0.0099698673854154,-0.0293867096820622,0.0140059070211007,0.0404022276266327,0.0662905438388006
"0003198",-0.453920341267615,0.0652957276003008,-0.0649687734482717,-0.0176372635290232,0.000639064993625643,-0.0235386793492702,0.0544573032571912,-0.0694337684441886,0.101366817818582,-0.0711022136406728,0.0669709494098543,0.0481445423968545
"0000018",-0.47475903358683,0.0657702933057203,-0.0681876738539272,0.00676854552057269,-0.0216914648628696,0.0186297555635819,-0.0141595263848071,0.0365474086057554,0.0278149990328628,-0.0406975310444546,0.130855437400387,-0.00904371944012843
"0000022",-0.462029705738565,0.138085547201081,-0.020230893319164,-0.0246503947775071,-0.00227022676538036,0.0240080776305969,-0.0456797612100551,0.0198835512834536,-0.0327241281297061,0.00905344545175091,0.0629336865020757,0.0333725994625995
"0000170",-0.486695713929567,0.115899271407549,-0.0544224588164729,-0.0158043803035449,-0.124292850772675,0.0710160641123728,0.00828746894263727,-0.110575398382934,6.62258852663004e-05,-0.0315514164583005,0.071736409804614,-0.0526804349324428
"0000675",-0.469240760257821,0.110821994399313,-0.045462432678588,-0.022038707264779,-0.0826422408285809,0.0881096105907509,0.010146211909113,-0.081130353886391,0.0150685379081168,-0.0693908809122823,0.0897580312044791,-0.059348838952043
"0000684",-0.446527122113044,0.107149616537613,0.15624849095156,0.00213622840081238,0.0037014572238669,0.0591453905110409,0.0232376234706062,0.0130507654822752,-0.0341505894900721,-0.078503927961313,0.0744775639018872,-0.0372958212469246
"0003048",-0.458429029777931,0.169709126493583,-0.048861335175101,-0.0710285936541207,-0.0212080779440182,0.0960498816356701,-0.136713914005458,0.0345421990013555,-0.0856966663081568,0.110345025741463,0.026950993641696,0.0281988099802393
"0003158",-0.452113470011248,0.121479328201422,-0.0171936175619846,0.0200494132781474,-0.0418231349009165,0.0500011435662429,-0.00541973275070431,0.0263980163503815,-0.0485657472291166,-0.00543450192646524,0.175462967173941,-0.00857803234135318
"0000112",-0.475190950099273,0.0962629204234081,-0.0442111992757275,-0.0179956057683857,-0.10281661869591,0.0787145552807138,0.0132206667635844,-0.0857465451846199,0.00598153098320708,-0.0731973004736004,0.0841489141147088,-0.0730547725510141
"0000284",-0.457271686401468,0.0713004364335245,0.0254227230399606,-0.0659903075107861,0.00968643967948492,0.0264508026699901,-0.137736199286334,0.011943041365221,-0.00334787921190265,0.0224504542721985,0.0462945346527118,-0.047159484804902
"0000414",-0.429982107385291,0.0984190981891409,-0.0316874227729923,-0.0721854208216923,-0.0175250988824303,0.0317141501915492,-0.110700199622284,-0.000326547181412645,-0.00477869865875149,0.0290324590018504,0.0357329739571176,-0.000400338370526594
